Descricao,Data,Valor
ClickBus,2022-09-23 13:46:29,-16.88
Jau Serve,2022-09-23 13:06:42,-30.67
Lanchonete,2022-09-23 12:13:11,-18.66
ClickBus,2022-09-23 09:07:28,-121.67
Restaurante,2022-09-23 03:22:33,-52.73
IFood,2022-09-22 08:14:10,-15.36
Laticinios,2022-09-21 17:38:28,-13.13
Jau Serve,2022-09-21 15:03:19,-21.42
Jau Serve,2022-09-20 18:38:07,-70.81
Jau Serve,2022-09-20 14:36:43,-74.87
ClickBus,2022-09-19 18:13:42,-67.67
Farmacia,2022-09-19 12:28:38,-124.36
Farmacia,2022-09-19 11:19:40,-12.4
Lanchonete,2022-09-18 19:47:48,-9.0
Lanchonete,2022-09-18 01:37:08,-15.25
Consultorio Medico,2022-09-15 23:47:06,-317.97
Lanchonete,2022-09-15 07:21:28,-7.11
Cinema,2022-09-15 00:21:25,-8.11
Açougue,2022-09-14 20:45:41,-48.93
Farmacia,2022-09-13 09:18:20,-77.65
Farmacia,2022-09-13 09:07:29,-20.37
Uber,2022-09-12 14:20:20,-20.35
Uber,2022-09-12 10:28:56,-15.22
Farmacia,2022-09-11 23:45:44,-21.56
Lanchonete,2022-09-11 23:20:00,-9.3
Restaurante,2022-09-11 19:24:05,-22.89
Cinema,2022-09-11 15:27:59,-11.92
Farmacia,2022-09-11 10:49:51,-18.77
Cinema,2022-09-11 10:32:26,-21.9
Jau Serve,2022-09-11 04:03:01,-32.94
Livraria,2022-09-10 21:04:39,-62.41
ClickBus,2022-09-10 12:25:13,-37.07
Jau Serve,2022-09-08 18:19:19,-21.59
Lanchonete,2022-09-08 12:22:54,-15.59
Adidas,2022-09-08 11:06:51,-124.45
Laticinios,2022-09-07 01:32:49,-17.14
Lanchonete,2022-09-06 14:10:45,-13.35
CVC,2022-09-05 18:50:13,-332.43
Jau Serve,2022-09-05 17:00:31,-67.51
Cinema,2022-09-05 00:42:44,-10.06
IFood,2022-09-03 02:51:10,-19.97
Livraria,2022-09-02 15:22:52,-96.46
Farmacia,2022-09-02 13:46:33,-38.34
Jau Serve,2022-09-01 19:40:33,-40.73
Lanchonete,2022-09-01 17:45:51,-11.57
Uber,2022-09-01 13:41:39,-12.18
Açougue,2022-08-31 06:29:56,-47.25
Jau Serve,2022-08-31 04:45:15,-16.24
Cinema,2022-08-30 21:24:03,-9.69
Gol,2022-08-30 08:52:47,-64.97
Nike,2022-08-30 04:52:05,-79.67
Farmacia,2022-08-30 03:17:03,-8.59
Farmacia,2022-08-30 02:42:29,-42.85
Jau Serve,2022-08-29 11:56:40,-7.18
Azul,2022-08-29 01:03:55,-67.26
ClickBus,2022-08-28 15:06:48,-41.61
Uber,2022-08-28 03:01:15,-12.6
Lanchonete,2022-08-27 23:35:20,-7.45
Uber,2022-08-27 22:46:11,-12.12
IFood,2022-08-27 18:40:30,-10.05
Uber,2022-08-27 06:58:00,-19.27
Farmacia,2022-08-26 22:20:10,-16.91
CVC,2022-08-26 02:58:57,-304.98
Academia,2022-08-26 00:05:28,-80.0
Internet,2022-08-26 00:05:28,-100.0
Salario,2022-08-26 00:05:28,5000.0
Aluguel,2022-08-26 00:05:28,-750.0
Farmacia,2022-08-25 20:59:28,-7.54
Laticinios,2022-08-25 01:05:11,-15.0
Laticinios,2022-08-24 15:05:43,-12.18
CVC,2022-08-24 02:19:55,-378.06
Farmacia,2022-08-23 13:26:26,-10.39
Cinema,2022-08-22 04:17:38,-21.12
Azul,2022-08-21 18:27:40,-393.35
Cinema,2022-08-21 18:27:08,-8.14
ClickBus,2022-08-18 20:43:04,-71.12
ClickBus,2022-08-18 12:06:06,-55.15
Restaurante,2022-08-18 10:56:50,-40.17
Laticinios,2022-08-18 01:52:26,-15.73
Farmacia,2022-08-17 22:55:16,-20.29
Cinema,2022-08-17 22:33:48,-7.18
Latam,2022-08-16 23:45:24,-363.69
Farmacia,2022-08-16 22:41:53,-62.06
Laticinios,2022-08-16 16:43:41,-19.02
IFood,2022-08-16 02:45:11,-8.68
Farmacia,2022-08-15 22:36:51,-11.47
Livraria,2022-08-15 16:53:01,-65.04
Pandora,2022-08-14 18:04:28,-380.28
Azul,2022-08-14 00:11:41,-344.99
IFood,2022-08-13 14:30:22,-12.37
IFood,2022-08-11 12:00:10,-11.98
IFood,2022-08-10 07:07:08,-18.75
Nike,2022-08-09 11:51:15,-59.0
Jau Serve,2022-08-09 09:30:40,-21.06
Cinema,2022-08-09 01:44:15,-20.98
CVC,2022-08-07 00:31:41,-355.89
CVC,2022-08-06 11:05:41,-367.12
ClickBus,2022-08-06 04:30:40,-39.11
Farmacia,2022-08-06 00:24:56,-17.25
Consultorio Medico,2022-08-05 06:29:00,-148.32
Jau Serve,2022-08-04 18:10:10,-9.12
CVC,2022-08-04 11:51:54,-342.46
Pandora,2022-08-03 19:00:43,-307.65
Jau Serve,2022-08-03 08:05:44,-121.9
Uber,2022-08-02 04:15:46,-15.83
CVC,2022-08-01 19:14:18,-330.64
IFood,2022-07-29 21:02:22,-9.44
Lanchonete,2022-07-29 13:17:00,-17.48
Farmacia,2022-07-29 08:37:14,-74.55
Açougue,2022-07-28 18:33:30,-20.85
Farmacia,2022-07-28 04:04:23,-12.74
Restaurante,2022-07-27 19:02:51,-73.16
Jau Serve,2022-07-27 07:48:52,-12.35
Gol,2022-07-26 09:10:40,-396.72
Uber,2022-07-26 08:05:46,-18.32
Aluguel,2022-07-26 00:05:28,-750.0
Salario,2022-07-26 00:05:28,5000.0
Internet,2022-07-26 00:05:28,-100.0
Academia,2022-07-26 00:05:28,-80.0
IFood,2022-07-25 05:59:23,-9.98
Jau Serve,2022-07-25 03:29:43,-15.57
Laticinios,2022-07-24 22:55:51,-17.19
Nike,2022-07-24 19:12:03,-124.64
Lanchonete,2022-07-24 11:41:21,-11.94
Livraria,2022-07-23 10:34:43,-42.58
Jau Serve,2022-07-23 02:13:37,-17.39
IFood,2022-07-22 20:45:01,-21.58
Renner,2022-07-22 20:37:25,-72.2
Lanchonete,2022-07-22 20:17:18,-8.09
Farmacia,2022-07-22 16:38:20,-73.92
Jau Serve,2022-07-21 18:53:17,-18.63
Lanchonete,2022-07-20 18:40:06,-18.51
Jau Serve,2022-07-20 17:17:01,-21.28
Uber,2022-07-20 07:54:21,-11.91
Farmacia,2022-07-19 22:39:32,-11.83
Livraria,2022-07-19 01:26:56,-70.89
Latam,2022-07-18 05:42:20,-59.58
IFood,2022-07-17 21:00:35,-16.29
Laticinios,2022-07-17 18:55:29,-13.19
Uber,2022-07-17 18:27:51,-9.23
Laticinios,2022-07-17 08:13:43,-17.21
Laticinios,2022-07-16 01:31:55,-15.99
Uber,2022-07-15 22:48:44,-14.61
Açougue,2022-07-15 15:17:50,-69.09
Jau Serve,2022-07-14 16:41:09,-11.61
Gol,2022-07-14 13:49:40,-105.34
Restaurante,2022-07-14 11:55:06,-56.4
Azul,2022-07-13 22:08:13,-65.06
CVC,2022-07-13 18:31:15,-346.91
Jau Serve,2022-07-12 20:31:06,-44.3
Uber,2022-07-12 19:02:57,-14.77
Farmacia,2022-07-12 04:18:06,-9.27
Latam,2022-07-11 22:03:43,-358.07
Jau Serve,2022-07-11 19:04:43,-72.76
Jau Serve,2022-07-10 08:57:23,-21.33
Farmacia,2022-07-10 08:52:38,-10.65
Gol,2022-07-09 23:40:40,-384.0
Adidas,2022-07-09 16:55:47,-76.13
Restaurante,2022-07-09 15:47:19,-30.52
Azul,2022-07-09 14:35:53,-320.69
Farmacia,2022-07-08 14:51:27,-119.95
Laticinios,2022-07-08 07:42:21,-15.66
Uber,2022-07-06 16:24:42,-11.07
IFood,2022-07-06 15:20:40,-15.25
Uber,2022-07-05 15:06:39,-12.46
Açougue,2022-07-05 13:23:02,-56.12
Açougue,2022-07-05 03:41:08,-49.73
Farmacia,2022-07-04 13:58:32,-7.68
Jau Serve,2022-07-03 22:19:46,-16.8
Restaurante,2022-07-03 06:04:56,-25.05
Jau Serve,2022-07-02 18:47:18,-62.88
Laticinios,2022-07-02 09:51:43,-9.53
Lanchonete,2022-07-02 09:49:50,-19.62
Latam,2022-07-02 07:20:05,-310.61
Cinema,2022-07-01 16:31:31,-20.92
Renner,2022-07-01 15:09:46,-114.08
Carrefour,2022-06-30 13:27:18,-52.97
ClickBus,2022-06-30 00:52:39,-137.76
Livraria,2022-06-29 01:06:59,-40.38
Lanchonete,2022-06-28 23:08:48,-10.88
Lanchonete,2022-06-28 03:41:12,-19.85
Latam,2022-06-27 05:45:34,-88.65
Livraria,2022-06-26 13:53:51,-59.73
Academia,2022-06-26 00:05:28,-80.0
Aluguel,2022-06-26 00:05:28,-750.0
Salario,2022-06-26 00:05:28,5000.0
Internet,2022-06-26 00:05:28,-100.0
Pandora,2022-06-25 19:19:04,-336.09
Açougue,2022-06-23 12:15:05,-43.73
Adidas,2022-06-23 03:08:57,-100.74
Jau Serve,2022-06-23 00:57:25,-21.43
Jau Serve,2022-06-22 14:58:57,-18.28
Uber,2022-06-22 11:17:15,-14.44
Jau Serve,2022-06-22 03:53:04,-21.1
Cinema,2022-06-21 12:39:01,-16.42
Açougue,2022-06-21 12:30:07,-25.0
Lanchonete,2022-06-21 09:16:37,-19.36
Uber,2022-06-20 07:07:02,-20.19
Farmacia,2022-06-19 16:07:42,-14.91
ClickBus,2022-06-19 07:08:39,-64.23
Uber,2022-06-19 00:23:30,-12.6
Laticinios,2022-06-18 17:39:24,-12.38
ClickBus,2022-06-18 02:16:05,-30.68
Uber,2022-06-17 06:26:41,-17.51
Pandora,2022-06-17 00:57:33,-361.6
IFood,2022-06-16 19:53:46,-11.83
Veterinario,2022-06-16 19:11:02,-149.8
Laticinios,2022-06-15 10:25:53,-21.1
Jau Serve,2022-06-14 17:43:17,-11.05
Laticinios,2022-06-13 16:28:30,-11.62
Uber,2022-06-13 08:59:49,-18.36
Jau Serve,2022-06-13 07:01:43,-8.98
Veterinario,2022-06-13 00:12:20,-131.68
Laticinios,2022-06-12 17:03:47,-15.07
Jau Serve,2022-06-12 06:50:56,-59.49
Carrefour,2022-06-12 01:33:59,-126.96
Farmacia,2022-06-11 23:09:14,-9.89
Livraria,2022-06-11 20:31:52,-106.28
Consultorio Medico,2022-06-11 08:39:24,-387.05
Latam,2022-06-10 11:56:19,-325.21
Cinema,2022-06-10 04:55:43,-20.31
Lanchonete,2022-06-09 14:57:11,-11.83
Livraria,2022-06-07 19:05:51,-148.85
Uber,2022-06-07 16:32:06,-21.09
Farmacia,2022-06-07 16:16:56,-21.94
Livraria,2022-06-07 08:06:17,-18.81
Farmacia,2022-06-06 20:22:37,-18.39
Laticinios,2022-06-05 14:48:21,-8.99
Restaurante,2022-06-05 04:56:59,-50.35
Cinema,2022-06-04 20:23:44,-16.79
Nike,2022-06-04 14:16:41,-113.57
IFood,2022-06-04 10:08:36,-19.08
Livraria,2022-06-04 08:29:52,-15.13
Azul,2022-06-02 20:48:58,-330.02
Jau Serve,2022-05-30 22:55:09,-16.05
Lanchonete,2022-05-29 10:06:29,-15.12
Uber,2022-05-29 00:26:12,-13.92
IFood,2022-05-28 17:01:13,-9.18
Farmacia,2022-05-28 10:26:36,-142.69
IFood,2022-05-27 22:48:11,-20.25
Farmacia,2022-05-27 19:03:48,-65.39
Açougue,2022-05-27 09:27:35,-49.94
Uber,2022-05-26 05:08:34,-21.85
Salario,2022-05-26 00:05:28,5000.0
Internet,2022-05-26 00:05:28,-100.0
Aluguel,2022-05-26 00:05:28,-750.0
Academia,2022-05-26 00:05:28,-80.0
IFood,2022-05-25 18:05:24,-18.55
IFood,2022-05-25 13:08:49,-16.21
Jau Serve,2022-05-25 08:01:01,-100.79
Pandora,2022-05-24 18:15:45,-385.39
Farmacia,2022-05-24 12:07:17,-14.19
Gol,2022-05-24 05:34:24,-142.37
Latam,2022-05-23 13:35:56,-118.62
Uber,2022-05-23 11:38:08,-18.15
Cinema,2022-05-22 07:52:57,-8.48
Uber,2022-05-22 04:21:21,-9.0
Consultorio Medico,2022-05-22 03:52:15,-335.91
Açougue,2022-05-21 17:05:51,-21.92
Uber,2022-05-21 16:24:14,-20.32
Cinema,2022-05-21 16:18:10,-14.74
Veterinario,2022-05-21 00:41:12,-64.28
Lanchonete,2022-05-20 09:48:33,-12.25
Lanchonete,2022-05-20 02:21:20,-8.53
Consultorio Medico,2022-05-19 21:53:36,-140.19
Jau Serve,2022-05-19 13:15:35,-26.57
Livraria,2022-05-19 10:34:27,-86.06
Jau Serve,2022-05-19 08:45:56,-18.36
Cinema,2022-05-19 05:20:41,-14.88
Jau Serve,2022-05-18 19:12:18,-20.25
Pandora,2022-05-18 12:10:12,-357.15
IFood,2022-05-18 09:39:17,-15.53
Farmacia,2022-05-18 04:11:07,-8.28
ClickBus,2022-05-18 00:01:33,-52.3
Jau Serve,2022-05-17 22:05:26,-15.07
Lanchonete,2022-05-17 18:27:55,-17.89
Uber,2022-05-17 08:21:29,-19.75
Açougue,2022-05-16 04:48:41,-65.32
Jau Serve,2022-05-15 12:04:55,-7.43
Uber,2022-05-14 23:17:48,-21.95
Jau Serve,2022-05-14 13:32:55,-17.55
CVC,2022-05-14 10:23:26,-310.76
Cinema,2022-05-14 03:23:28,-7.8
Veterinario,2022-05-13 03:47:01,-121.07
Jau Serve,2022-05-13 03:45:54,-29.26
Jau Serve,2022-05-12 14:33:44,-17.7
Uber,2022-05-11 23:38:00,-7.44
Cinema,2022-05-11 19:13:45,-16.09
ClickBus,2022-05-10 06:27:19,-66.3
Lanchonete,2022-05-09 22:38:35,-12.55
Restaurante,2022-05-09 20:23:43,-52.02
Açougue,2022-05-09 00:37:40,-72.47
Farmacia,2022-05-08 23:05:18,-24.31
Cinema,2022-05-08 16:00:51,-12.83
Nike,2022-05-07 16:41:05,-54.07
Azul,2022-05-07 12:07:53,-360.04
Cinema,2022-05-06 18:25:24,-21.76
Laticinios,2022-05-06 00:51:45,-20.32
Farmacia,2022-05-05 14:56:24,-18.03
Lanchonete,2022-05-04 07:08:36,-20.48
Latam,2022-05-03 15:31:00,-55.41
Jau Serve,2022-05-03 12:48:07,-20.11
Jau Serve,2022-05-02 18:51:00,-35.58
Livraria,2022-05-02 01:46:26,-116.4
Farmacia,2022-05-01 13:12:13,-12.07
Cinema,2022-05-01 10:41:00,-13.47
Uber,2022-04-30 14:30:12,-20.05
Laticinios,2022-04-30 08:06:18,-12.25
Cinema,2022-04-29 20:26:14,-9.15
IFood,2022-04-28 20:44:18,-21.23
Açougue,2022-04-28 19:02:41,-30.99
Lanchonete,2022-04-28 18:30:24,-13.53
Jau Serve,2022-04-28 11:16:59,-78.87
ClickBus,2022-04-28 10:09:13,-93.23
Adidas,2022-04-27 20:55:35,-89.65
IFood,2022-04-26 20:41:59,-15.15
ClickBus,2022-04-26 15:10:23,-65.19
Internet,2022-04-26 00:05:28,-100.0
Aluguel,2022-04-26 00:05:28,-750.0
Salario,2022-04-26 00:05:28,5000.0
Academia,2022-04-26 00:05:28,-80.0
Azul,2022-04-25 20:45:25,-62.59
Livraria,2022-04-25 05:51:32,-52.31
Cinema,2022-04-24 20:43:00,-16.3
IFood,2022-04-24 17:53:53,-15.57
Uber,2022-04-23 09:23:00,-17.69
Pandora,2022-04-23 06:57:54,-391.65
Farmacia,2022-04-23 04:51:41,-12.3
Lanchonete,2022-04-22 17:57:34,-19.5
Farmacia,2022-04-22 13:35:01,-13.02
Gol,2022-04-22 03:04:50,-320.32
Livraria,2022-04-21 05:05:33,-62.53
Azul,2022-04-21 04:28:36,-138.1
Laticinios,2022-04-20 07:35:56,-8.78
Adidas,2022-04-19 11:51:01,-82.48
Consultorio Medico,2022-04-18 17:08:23,-87.6
Jau Serve,2022-04-18 01:58:54,-58.61
Farmacia,2022-04-17 20:41:05,-120.66
Consultorio Medico,2022-04-17 11:31:35,-349.97
Farmacia,2022-04-17 01:12:05,-33.01
Restaurante,2022-04-16 13:27:05,-23.08
Laticinios,2022-04-16 07:21:42,-17.71
Consultorio Medico,2022-04-15 21:42:41,-378.57
Farmacia,2022-04-15 04:39:33,-62.17
Pandora,2022-04-14 05:34:29,-353.29
IFood,2022-04-14 00:59:03,-12.71
Laticinios,2022-04-13 21:29:07,-7.59
IFood,2022-04-13 20:48:17,-10.83
Laticinios,2022-04-12 16:42:27,-11.17
Lanchonete,2022-04-12 11:45:16,-12.74
Uber,2022-04-12 07:24:39,-21.87
Pandora,2022-04-11 20:28:39,-370.25
Uber,2022-04-11 00:29:19,-10.21
ClickBus,2022-04-10 21:45:17,-45.66
Adidas,2022-04-10 13:21:09,-51.8
Lanchonete,2022-04-09 13:40:49,-18.37
Lanchonete,2022-04-09 08:02:12,-17.34
Jau Serve,2022-04-08 18:30:52,-61.75
Azul,2022-04-07 00:08:32,-87.23
Farmacia,2022-04-06 16:07:10,-18.85
Açougue,2022-04-05 18:31:42,-51.52
Latam,2022-04-05 13:17:51,-389.73
IFood,2022-04-05 06:28:36,-9.08
Consultorio Medico,2022-04-04 23:15:10,-311.58
Laticinios,2022-04-04 17:29:02,-16.82
Jau Serve,2022-04-04 15:03:48,-32.71
Uber,2022-04-03 23:32:07,-10.05
Jau Serve,2022-04-03 15:22:59,-20.1
Jau Serve,2022-04-03 14:51:07,-11.17
Açougue,2022-04-03 05:27:27,-46.21
Farmacia,2022-04-03 00:43:43,-8.77
Livraria,2022-04-02 13:28:23,-27.68
ClickBus,2022-04-01 21:10:57,-138.66
Uber,2022-04-01 12:37:12,-10.24
Gol,2022-03-31 23:05:15,-104.79
Consultorio Medico,2022-03-30 14:20:32,-367.86
Jau Serve,2022-03-29 09:47:35,-74.07
Cinema,2022-03-28 22:00:50,-15.22
Farmacia,2022-03-26 16:25:51,-56.52
Aluguel,2022-03-26 00:05:28,-750.0
Salario,2022-03-26 00:05:28,5000.0
Internet,2022-03-26 00:05:28,-100.0
Academia,2022-03-26 00:05:28,-80.0
Consultorio Medico,2022-03-25 14:14:51,-142.47
Laticinios,2022-03-24 16:02:42,-21.91
Jau Serve,2022-03-24 06:42:50,-17.96
Laticinios,2022-03-23 12:37:31,-21.28
Cinema,2022-03-22 22:04:34,-13.45
Restaurante,2022-03-22 01:57:50,-20.03
ClickBus,2022-03-21 10:15:43,-109.85
Açougue,2022-03-21 08:54:51,-47.55
Jau Serve,2022-03-20 19:31:25,-9.8
Uber,2022-03-19 05:22:37,-17.82
Lanchonete,2022-03-19 02:23:32,-18.91
IFood,2022-03-19 01:07:52,-9.84
IFood,2022-03-18 22:58:48,-18.61
Jau Serve,2022-03-18 19:55:03,-19.25
Jau Serve,2022-03-18 16:34:16,-8.15
Jau Serve,2022-03-18 16:29:25,-19.83
Livraria,2022-03-18 13:53:52,-18.31
IFood,2022-03-18 11:01:48,-9.6
Livraria,2022-03-18 10:17:07,-39.03
Uber,2022-03-17 22:35:10,-20.11
Jau Serve,2022-03-17 02:58:40,-9.08
IFood,2022-03-16 23:48:14,-21.6
Jau Serve,2022-03-16 23:02:01,-19.34
Farmacia,2022-03-16 04:44:07,-15.0
Restaurante,2022-03-16 00:03:03,-64.05
Consultorio Medico,2022-03-15 20:12:19,-114.83
CVC,2022-03-14 07:55:18,-328.77
Consultorio Medico,2022-03-14 07:40:57,-391.58
Jau Serve,2022-03-14 07:36:28,-20.41
Lanchonete,2022-03-13 12:56:23,-10.25
Lanchonete,2022-03-12 08:35:57,-20.87
Açougue,2022-03-11 12:23:51,-37.67
Lanchonete,2022-03-10 15:38:30,-11.83
Jau Serve,2022-03-10 04:49:52,-100.64
Uber,2022-03-09 11:28:36,-17.36
Farmacia,2022-03-09 07:44:15,-20.19
Cinema,2022-03-08 19:51:05,-21.18
Livraria,2022-03-07 22:58:25,-128.98
Livraria,2022-03-07 22:40:47,-70.0
Latam,2022-03-07 21:32:27,-345.23
Farmacia,2022-03-07 04:08:46,-19.24
Latam,2022-03-07 01:32:23,-308.74
Lanchonete,2022-03-06 20:13:34,-11.78
ClickBus,2022-03-06 12:51:49,-54.17
Cinema,2022-03-06 12:30:37,-10.43
Jau Serve,2022-03-04 21:38:09,-22.25
Nike,2022-03-04 03:44:59,-72.54
Laticinios,2022-03-04 02:04:55,-18.56
Renner,2022-03-03 05:19:12,-113.3
Azul,2022-03-03 01:09:08,-86.76
Jau Serve,2022-03-02 22:08:17,-39.11
Açougue,2022-03-02 13:01:51,-70.16
Farmacia,2022-03-01 22:51:14,-10.69
Cinema,2022-03-01 04:03:04,-15.94
Uber,2022-02-28 21:47:17,-8.23
Farmacia,2022-02-27 08:54:56,-10.5
Livraria,2022-02-26 18:53:21,-36.27
Azul,2022-02-26 11:10:58,-335.22
ClickBus,2022-02-26 06:10:41,-139.83
Aluguel,2022-02-26 00:05:28,-750.0
Internet,2022-02-26 00:05:28,-100.0
Salario,2022-02-26 00:05:28,5000.0
Academia,2022-02-26 00:05:28,-80.0
Consultorio Medico,2022-02-25 19:44:36,-119.99
Gol,2022-02-24 08:33:19,-363.05
Farmacia,2022-02-23 08:44:04,-19.64
Consultorio Medico,2022-02-21 20:29:46,-327.68
Cinema,2022-02-21 01:57:25,-11.5
IFood,2022-02-20 13:29:40,-8.44
Lanchonete,2022-02-20 07:37:51,-14.11
Jau Serve,2022-02-19 10:05:13,-14.38
Nike,2022-02-18 09:37:32,-79.13
Veterinario,2022-02-18 00:42:26,-144.41
Jau Serve,2022-02-17 07:04:28,-22.62
IFood,2022-02-17 06:54:29,-20.51
Uber,2022-02-17 01:30:59,-8.69
Jau Serve,2022-02-16 19:43:39,-34.13
Uber,2022-02-16 11:45:55,-7.63
Farmacia,2022-02-16 05:37:09,-17.4
Laticinios,2022-02-15 23:31:36,-7.78
Uber,2022-02-15 08:59:57,-11.13
ClickBus,2022-02-14 23:34:40,-34.66
Latam,2022-02-14 08:20:54,-55.44
Lanchonete,2022-02-13 21:01:19,-13.29
Lanchonete,2022-02-12 18:19:48,-12.21
CVC,2022-02-12 08:42:21,-390.74
Uber,2022-02-12 07:19:21,-18.61
Açougue,2022-02-12 05:01:13,-54.25
Consultorio Medico,2022-02-12 02:13:51,-365.74
Jau Serve,2022-02-11 07:06:54,-27.8
ClickBus,2022-02-08 23:05:14,-37.55
Jau Serve,2022-02-08 18:03:39,-66.85
Lanchonete,2022-02-07 10:24:51,-12.59
Farmacia,2022-02-07 10:13:57,-21.05
Jau Serve,2022-02-07 01:47:24,-14.85
Livraria,2022-02-06 14:02:41,-17.1
Uber,2022-02-06 07:25:13,-10.16
ClickBus,2022-02-06 06:21:01,-69.32
Azul,2022-02-05 16:02:37,-85.28
Laticinios,2022-02-05 04:37:53,-7.2
Uber,2022-02-04 14:30:03,-17.72
Pandora,2022-02-03 04:25:15,-357.32
CVC,2022-02-02 12:41:49,-302.66
Azul,2022-01-30 08:56:34,-61.31
Farmacia,2022-01-29 20:50:16,-36.36
Cinema,2022-01-29 15:44:32,-13.99
Consultorio Medico,2022-01-28 22:18:33,-359.73
Jau Serve,2022-01-27 03:29:33,-131.49
Latam,2022-01-27 03:27:44,-103.43
Jau Serve,2022-01-26 07:29:40,-21.08
ClickBus,2022-01-26 00:50:38,-59.52
Aluguel,2022-01-26 00:05:28,-750.0
Salario,2022-01-26 00:05:28,5000.0
Internet,2022-01-26 00:05:28,-100.0
Academia,2022-01-26 00:05:28,-80.0
ClickBus,2022-01-25 00:09:24,-71.95
Veterinario,2022-01-24 19:47:24,-114.86
Jau Serve,2022-01-24 06:55:07,-11.12
Lanchonete,2022-01-23 09:19:16,-15.07
Laticinios,2022-01-23 07:34:06,-8.1
Laticinios,2022-01-22 22:21:59,-15.46
Livraria,2022-01-22 01:44:24,-50.08
Laticinios,2022-01-22 00:58:38,-17.52
Pandora,2022-01-21 22:51:11,-358.66
Laticinios,2022-01-21 11:54:21,-21.01
Livraria,2022-01-21 10:39:14,-24.42
IFood,2022-01-21 07:57:12,-8.68
Nike,2022-01-20 19:38:52,-80.66
IFood,2022-01-20 10:05:27,-14.65
IFood,2022-01-19 18:20:00,-18.1
Jau Serve,2022-01-19 04:56:17,-60.09
Laticinios,2022-01-18 18:45:50,-20.02
Uber,2022-01-18 15:25:45,-17.05
Lanchonete,2022-01-17 11:34:24,-20.62
Azul,2022-01-17 00:20:43,-363.39
Gol,2022-01-16 00:33:49,-337.35
ClickBus,2022-01-15 09:01:54,-19.71
Cinema,2022-01-15 08:11:19,-15.26
Lanchonete,2022-01-14 05:50:55,-12.16
Pandora,2022-01-14 05:21:34,-359.72
CVC,2022-01-13 10:05:19,-328.94
Azul,2022-01-13 03:29:43,-314.64
Uber,2022-01-12 11:42:32,-15.04
Cinema,2022-01-12 08:03:18,-20.78
IFood,2022-01-10 16:02:19,-9.64
Uber,2022-01-10 09:52:39,-9.05
Uber,2022-01-10 03:36:46,-16.07
CVC,2022-01-10 02:04:00,-304.48
Pandora,2022-01-08 14:30:17,-358.19
Farmacia,2022-01-08 06:36:26,-15.82
Cinema,2022-01-07 02:55:19,-20.77
Livraria,2022-01-05 09:38:09,-58.45
Cinema,2022-01-05 00:36:47,-8.79
Farmacia,2022-01-02 03:26:47,-17.03
Laticinios,2022-01-01 23:21:44,-10.02
Açougue,2022-01-01 19:00:55,-70.22
IFood,2022-01-01 06:50:29,-9.42
Farmacia,2021-12-31 21:51:35,-14.51
Lanchonete,2021-12-31 20:12:37,-12.48
Farmacia,2021-12-31 07:58:45,-22.71
Uber,2021-12-31 02:32:03,-16.04
Uber,2021-12-30 11:04:47,-9.04
Lanchonete,2021-12-29 16:57:20,-17.26
Carrefour,2021-12-29 05:00:11,-70.1
Cinema,2021-12-29 03:53:18,-8.95
IFood,2021-12-28 11:53:57,-17.04
Farmacia,2021-12-28 09:34:54,-15.39
Farmacia,2021-12-27 04:01:13,-119.35
Farmacia,2021-12-26 12:26:23,-20.13
Aluguel,2021-12-26 00:05:28,-750.0
Salario,2021-12-26 00:05:28,5000.0
Internet,2021-12-26 00:05:28,-100.0
Academia,2021-12-26 00:05:28,-80.0
ClickBus,2021-12-24 20:27:30,-63.92
Latam,2021-12-23 19:28:02,-300.38
Restaurante,2021-12-23 10:54:46,-16.3
Laticinios,2021-12-23 05:45:06,-7.13
Lanchonete,2021-12-22 12:22:13,-11.2
Lanchonete,2021-12-22 05:49:32,-13.02
Jau Serve,2021-12-21 04:29:40,-49.34
Cinema,2021-12-20 21:37:33,-9.75
Uber,2021-12-17 17:15:47,-9.81
Jau Serve,2021-12-16 10:22:05,-9.48
Pandora,2021-12-15 23:31:03,-332.68
Açougue,2021-12-14 22:33:13,-20.83
Jau Serve,2021-12-14 10:21:22,-13.28
IFood,2021-12-13 23:11:44,-21.39
Jau Serve,2021-12-12 17:33:09,-17.31
Latam,2021-12-11 19:21:01,-321.77
Laticinios,2021-12-10 01:00:19,-18.62
Cinema,2021-12-08 19:40:16,-11.0
Jau Serve,2021-12-06 12:32:21,-22.55
Lanchonete,2021-12-06 05:41:56,-11.37
Jau Serve,2021-12-05 15:26:53,-12.35
Jau Serve,2021-12-05 00:13:25,-52.82
Cinema,2021-12-04 22:59:46,-15.85
Laticinios,2021-12-04 12:43:16,-11.51
Farmacia,2021-12-03 22:33:30,-18.28
CVC,2021-12-03 18:48:33,-370.12
Açougue,2021-12-02 22:10:09,-36.37
ClickBus,2021-12-02 19:32:59,-114.15
Restaurante,2021-12-02 15:32:24,-24.8
Lanchonete,2021-12-02 03:21:07,-19.75
Jau Serve,2021-11-30 20:58:48,-7.61
Laticinios,2021-11-30 16:25:18,-9.22
Jau Serve,2021-11-30 11:12:08,-21.03
Farmacia,2021-11-30 07:12:34,-19.28
Uber,2021-11-29 23:45:16,-15.28
Farmacia,2021-11-29 22:51:12,-19.44
Açougue,2021-11-29 12:36:19,-64.61
Farmacia,2021-11-28 07:27:19,-35.43
ClickBus,2021-11-27 23:13:46,-27.73
Cinema,2021-11-27 22:32:13,-16.68
Veterinario,2021-11-26 13:32:45,-131.27
Academia,2021-11-26 00:05:28,-80.0
Salario,2021-11-26 00:05:28,5000.0
Aluguel,2021-11-26 00:05:28,-750.0
Internet,2021-11-26 00:05:28,-100.0
IFood,2021-11-25 23:01:40,-7.67
Renner,2021-11-25 17:07:20,-140.24
Lanchonete,2021-11-25 16:44:13,-10.7
Jau Serve,2021-11-25 13:24:58,-7.88
Jau Serve,2021-11-25 09:16:47,-20.1
ClickBus,2021-11-25 03:57:54,-31.01
Jau Serve,2021-11-25 01:49:23,-9.59
Farmacia,2021-11-25 01:46:05,-21.65
IFood,2021-11-23 17:37:59,-12.26
Azul,2021-11-22 22:06:52,-319.74
Uber,2021-11-22 04:28:20,-19.02
Jau Serve,2021-11-19 12:42:13,-38.87
Restaurante,2021-11-18 22:09:54,-22.97
Farmacia,2021-11-18 20:42:42,-19.46
Açougue,2021-11-18 06:05:13,-60.69
ClickBus,2021-11-18 00:41:56,-93.74
Cinema,2021-11-17 14:52:24,-14.58
Livraria,2021-11-17 14:01:28,-52.82
Pandora,2021-11-16 11:44:17,-342.74
Farmacia,2021-11-13 00:44:54,-19.39
Restaurante,2021-11-11 21:54:40,-17.17
Latam,2021-11-11 21:08:15,-99.27
CVC,2021-11-11 19:39:57,-301.37
Laticinios,2021-11-11 10:17:11,-19.88
Renner,2021-11-11 09:37:21,-87.47
Laticinios,2021-11-10 03:07:18,-12.85
Pandora,2021-11-09 22:57:18,-330.2
Lanchonete,2021-11-08 19:43:37,-19.94
Laticinios,2021-11-08 18:37:20,-16.25
Restaurante,2021-11-06 04:02:35,-49.92
Lanchonete,2021-11-05 17:47:54,-17.24
IFood,2021-11-05 14:38:39,-10.98
ClickBus,2021-11-05 09:54:32,-42.59
ClickBus,2021-11-05 03:05:37,-61.29
Veterinario,2021-11-04 23:58:13,-128.87
IFood,2021-11-04 10:25:17,-19.85
Nike,2021-11-04 03:55:01,-51.34
Latam,2021-11-04 02:17:26,-322.85
Uber,2021-11-04 02:12:17,-9.38
ClickBus,2021-11-03 20:44:54,-53.42
ClickBus,2021-11-03 11:58:34,-32.21
Farmacia,2021-11-02 13:33:08,-12.55
Lanchonete,2021-11-01 22:31:32,-12.68
Restaurante,2021-11-01 21:47:00,-15.55
Uber,2021-11-01 16:32:14,-15.01
Jau Serve,2021-11-01 08:34:01,-18.76
Jau Serve,2021-10-31 23:09:41,-11.29
Laticinios,2021-10-31 18:27:56,-13.89
Latam,2021-10-31 15:00:19,-368.25
Açougue,2021-10-31 07:52:22,-72.4
Lanchonete,2021-10-31 03:28:29,-20.15
Farmacia,2021-10-29 18:17:37,-15.21
Uber,2021-10-29 08:38:19,-10.04
Latam,2021-10-28 16:43:12,-301.26
Jau Serve,2021-10-28 00:23:11,-11.87
Laticinios,2021-10-27 22:06:12,-20.21
Lanchonete,2021-10-27 18:35:52,-14.72
IFood,2021-10-27 14:22:12,-15.83
Jau Serve,2021-10-27 13:21:47,-55.57
Lanchonete,2021-10-27 04:34:21,-9.47
Uber,2021-10-27 04:26:57,-21.67
Restaurante,2021-10-27 03:56:12,-19.58
Laticinios,2021-10-26 19:01:43,-17.79
Jau Serve,2021-10-26 06:21:02,-71.84
Aluguel,2021-10-26 00:05:28,-750.0
Internet,2021-10-26 00:05:28,-100.0
Salario,2021-10-26 00:05:28,5000.0
Academia,2021-10-26 00:05:28,-80.0
Uber,2021-10-25 23:14:03,-8.4
ClickBus,2021-10-25 18:28:00,-49.83
Latam,2021-10-25 11:21:15,-398.76
Nike,2021-10-25 01:09:09,-147.12
Farmacia,2021-10-25 00:35:34,-19.03
Farmacia,2021-10-23 14:26:21,-14.46
Livraria,2021-10-21 20:58:34,-71.14
Uber,2021-10-19 08:41:43,-12.89
Farmacia,2021-10-19 05:24:37,-17.6
Consultorio Medico,2021-10-18 12:36:51,-50.41
Laticinios,2021-10-18 04:52:43,-12.05
Farmacia,2021-10-17 13:58:25,-95.95
Cinema,2021-10-17 09:29:24,-16.0
Adidas,2021-10-16 19:34:40,-88.81
Laticinios,2021-10-16 18:48:41,-13.78
Uber,2021-10-16 17:59:09,-20.73
IFood,2021-10-16 16:17:42,-15.74
Uber,2021-10-16 15:12:59,-14.22
Uber,2021-10-16 14:36:29,-16.51
Cinema,2021-10-15 18:57:09,-12.08
Uber,2021-10-14 23:17:13,-20.6
Pandora,2021-10-14 14:30:55,-325.98
Nike,2021-10-12 19:07:40,-107.36
Azul,2021-10-12 17:28:29,-328.7
CVC,2021-10-11 21:23:04,-311.93
Pandora,2021-10-11 06:49:25,-355.24
Latam,2021-10-10 18:29:29,-137.78
Farmacia,2021-10-10 11:58:45,-15.48
Carrefour,2021-10-09 19:03:19,-129.21
Pandora,2021-10-08 20:10:39,-362.66
CVC,2021-10-07 23:42:39,-315.65
Lanchonete,2021-10-07 23:15:30,-21.66
Farmacia,2021-10-07 01:13:19,-72.58
Nike,2021-10-07 00:08:40,-88.64
Restaurante,2021-10-06 17:19:47,-29.16
Laticinios,2021-10-05 09:02:21,-10.21
Farmacia,2021-10-05 02:03:14,-8.94
Cinema,2021-10-04 14:43:57,-10.4
IFood,2021-10-04 06:09:21,-14.1
Açougue,2021-10-04 04:59:54,-26.55
Jau Serve,2021-10-03 22:26:13,-9.11
Livraria,2021-10-03 18:35:29,-64.21
Cinema,2021-10-03 13:20:47,-18.16
Jau Serve,2021-10-02 15:00:12,-12.71
Azul,2021-10-02 08:23:40,-90.27
Uber,2021-10-02 01:04:10,-8.25
Adidas,2021-10-01 21:12:52,-126.76
Farmacia,2021-10-01 17:59:04,-54.4
ClickBus,2021-09-30 14:15:35,-27.88
Pandora,2021-09-30 09:13:52,-396.75
Jau Serve,2021-09-29 08:27:14,-19.82
Renner,2021-09-28 06:58:57,-75.22
Lanchonete,2021-09-27 19:51:47,-13.13
Aluguel,2021-09-26 00:05:28,-750.0
Salario,2021-09-26 00:05:28,5000.0
Academia,2021-09-26 00:05:28,-80.0
Internet,2021-09-26 00:05:28,-100.0
Renner,2021-09-24 21:38:37,-90.25
Jau Serve,2021-09-24 16:08:20,-74.17
Laticinios,2021-09-24 16:08:04,-15.66
Farmacia,2021-09-23 21:55:56,-11.62
Cinema,2021-09-22 12:21:29,-9.06
Veterinario,2021-09-21 11:44:25,-65.77
IFood,2021-09-19 17:17:49,-21.38
Jau Serve,2021-09-19 06:05:09,-10.69
Uber,2021-09-17 19:46:46,-17.17
CVC,2021-09-16 09:38:58,-392.52
Lanchonete,2021-09-16 08:03:37,-18.76
Restaurante,2021-09-16 00:07:44,-25.6
Farmacia,2021-09-15 08:25:21,-46.55
Adidas,2021-09-14 14:11:02,-133.95
Farmacia,2021-09-14 00:34:04,-9.01
Laticinios,2021-09-13 22:51:13,-17.59
Restaurante,2021-09-13 09:23:00,-63.18
Adidas,2021-09-13 04:25:51,-84.47
IFood,2021-09-13 00:16:23,-14.7
ClickBus,2021-09-12 13:02:08,-44.36
Nike,2021-09-12 03:32:55,-116.27
Lanchonete,2021-09-10 05:12:10,-8.58
Lanchonete,2021-09-08 13:03:56,-14.42
Azul,2021-09-07 04:09:29,-395.07
Jau Serve,2021-09-05 22:18:03,-8.64
Restaurante,2021-09-05 11:25:40,-56.16
Jau Serve,2021-09-04 19:31:10,-52.56
Jau Serve,2021-09-04 16:56:47,-9.25
Latam,2021-09-04 06:26:13,-350.28
Gol,2021-09-04 05:17:15,-147.87
Cinema,2021-09-02 15:28:35,-10.42
ClickBus,2021-09-02 05:46:02,-45.44
Latam,2021-09-01 15:10:15,-97.08
Cinema,2021-09-01 08:36:14,-17.42
Consultorio Medico,2021-08-31 22:37:56,-146.26
Latam,2021-08-31 08:03:01,-399.1
ClickBus,2021-08-30 21:30:07,-110.86
IFood,2021-08-30 12:00:46,-19.13
Jau Serve,2021-08-29 17:00:57,-9.15
Restaurante,2021-08-29 12:03:23,-29.08
Farmacia,2021-08-28 23:12:22,-20.26
Farmacia,2021-08-28 11:51:58,-42.6
Jau Serve,2021-08-28 05:55:00,-16.61
Lanchonete,2021-08-27 20:17:12,-16.59
Azul,2021-08-27 14:18:39,-352.98
Uber,2021-08-27 14:00:36,-20.49
Cinema,2021-08-27 02:53:43,-8.87
Restaurante,2021-08-26 16:09:40,-43.02
Jau Serve,2021-08-26 15:29:54,-32.96
Cinema,2021-08-26 08:58:54,-14.14
Gol,2021-08-26 08:54:16,-136.24
Academia,2021-08-26 00:05:28,-80.0
Salario,2021-08-26 00:05:28,5000.0
Internet,2021-08-26 00:05:28,-100.0
Aluguel,2021-08-26 00:05:28,-750.0
Jau Serve,2021-08-25 21:11:20,-37.5
Azul,2021-08-25 20:11:52,-132.37
Laticinios,2021-08-25 16:19:34,-11.51
Consultorio Medico,2021-08-24 19:10:54,-319.87
Laticinios,2021-08-24 18:47:01,-19.73
Lanchonete,2021-08-24 03:12:53,-14.42
Gol,2021-08-24 03:04:34,-312.85
Restaurante,2021-08-23 03:13:07,-23.85
Lanchonete,2021-08-22 19:28:51,-15.4
Açougue,2021-08-20 22:54:39,-61.99
Nike,2021-08-19 16:25:59,-55.41
Lanchonete,2021-08-19 09:37:25,-11.85
ClickBus,2021-08-19 06:35:27,-29.68
Jau Serve,2021-08-17 17:25:03,-9.78
IFood,2021-08-17 16:23:47,-17.8
Cinema,2021-08-17 07:13:16,-13.71
Lanchonete,2021-08-17 03:05:09,-21.46
Pandora,2021-08-17 01:37:16,-399.04
Cinema,2021-08-16 17:41:26,-11.14
Cinema,2021-08-16 01:42:33,-9.11
Renner,2021-08-15 16:23:01,-100.15
Latam,2021-08-14 01:42:00,-333.05
Gol,2021-08-13 00:06:48,-100.54
Farmacia,2021-08-12 12:58:38,-18.94
Azul,2021-08-12 00:25:23,-388.99
Lanchonete,2021-08-11 17:33:41,-20.58
Lanchonete,2021-08-11 11:06:36,-19.9
Farmacia,2021-08-10 16:49:54,-30.64
Farmacia,2021-08-10 05:44:18,-137.12
Restaurante,2021-08-09 18:58:49,-26.48
Açougue,2021-08-08 07:49:13,-68.82
Restaurante,2021-08-08 01:29:54,-49.09
Farmacia,2021-08-07 08:25:58,-68.47
Farmacia,2021-08-06 13:13:46,-13.52
Uber,2021-08-06 10:23:40,-7.53
Nike,2021-08-06 08:31:50,-97.25
Uber,2021-08-06 02:26:47,-19.35
Lanchonete,2021-08-05 07:46:50,-18.98
Jau Serve,2021-08-03 20:49:30,-10.26
Gol,2021-08-03 18:52:45,-340.97
Jau Serve,2021-08-03 14:27:25,-29.09
Laticinios,2021-08-03 06:46:48,-14.99
Farmacia,2021-08-02 19:06:33,-66.19
Farmacia,2021-08-02 15:14:29,-19.81
Uber,2021-08-02 02:25:20,-14.8
Farmacia,2021-08-01 09:07:30,-15.35
Gol,2021-08-01 07:05:37,-118.58
Cinema,2021-07-31 08:43:36,-8.88
Cinema,2021-07-30 07:19:53,-14.67
Jau Serve,2021-07-29 09:33:26,-50.37
Lanchonete,2021-07-28 19:32:20,-21.38
Consultorio Medico,2021-07-28 14:59:20,-376.29
Consultorio Medico,2021-07-27 08:57:58,-69.26
Lanchonete,2021-07-27 04:54:53,-17.08
Cinema,2021-07-26 17:51:04,-9.07
Academia,2021-07-26 00:05:28,-80.0
Internet,2021-07-26 00:05:28,-100.0
Salario,2021-07-26 00:05:28,5000.0
Aluguel,2021-07-26 00:05:28,-750.0
Uber,2021-07-25 17:32:12,-20.02
ClickBus,2021-07-25 16:51:27,-23.99
Consultorio Medico,2021-07-25 01:49:25,-89.73
Laticinios,2021-07-24 18:26:48,-19.01
Pandora,2021-07-22 23:18:08,-350.59
Laticinios,2021-07-21 17:11:43,-21.56
Laticinios,2021-07-21 02:19:24,-19.75
ClickBus,2021-07-21 01:39:50,-94.22
Farmacia,2021-07-20 23:23:52,-29.04
IFood,2021-07-20 16:01:08,-13.77
Jau Serve,2021-07-20 12:59:21,-30.59
Cinema,2021-07-20 12:45:11,-12.23
Restaurante,2021-07-18 07:56:13,-22.02
Lanchonete,2021-07-16 20:42:01,-19.06
CVC,2021-07-16 19:48:29,-354.61
CVC,2021-07-16 18:18:13,-317.24
IFood,2021-07-16 16:00:12,-9.81
Pandora,2021-07-15 07:20:16,-369.72
IFood,2021-07-15 00:08:03,-19.02
Latam,2021-07-14 16:02:16,-85.15
Farmacia,2021-07-13 14:41:33,-11.73
Laticinios,2021-07-13 05:18:05,-14.61
IFood,2021-07-13 03:34:29,-7.61
Azul,2021-07-12 11:35:27,-379.3
Uber,2021-07-12 09:09:55,-14.47
Cinema,2021-07-11 09:43:54,-20.3
Farmacia,2021-07-11 08:32:25,-68.33
Lanchonete,2021-07-11 00:14:03,-13.18
Adidas,2021-07-10 20:32:08,-62.09
Consultorio Medico,2021-07-10 08:29:01,-316.72
Cinema,2021-07-09 15:07:20,-16.58
Cinema,2021-07-09 04:07:30,-8.47
Pandora,2021-07-07 23:09:48,-320.94
Laticinios,2021-07-07 07:55:08,-14.04
Jau Serve,2021-07-07 04:08:10,-62.68
Uber,2021-07-06 07:23:17,-19.24
Latam,2021-07-05 12:39:10,-359.75
ClickBus,2021-07-04 23:35:20,-51.4
Jau Serve,2021-07-03 20:24:22,-21.96
Nike,2021-07-03 03:31:45,-148.65
Livraria,2021-07-02 16:38:56,-36.99
Restaurante,2021-07-02 05:39:41,-25.85
Jau Serve,2021-07-02 03:07:31,-23.87
Laticinios,2021-07-01 13:55:12,-17.14
Açougue,2021-07-01 04:21:47,-71.91
Farmacia,2021-06-30 21:29:44,-63.94
Restaurante,2021-06-29 01:08:08,-34.1
Gol,2021-06-28 23:28:50,-344.99
Consultorio Medico,2021-06-28 17:54:15,-383.16
Farmacia,2021-06-28 05:55:27,-73.33
Latam,2021-06-28 04:37:57,-75.6
Uber,2021-06-28 03:33:24,-9.04
Cinema,2021-06-28 01:55:18,-14.77
CVC,2021-06-27 19:36:43,-357.66
Jau Serve,2021-06-27 15:52:57,-18.51
Azul,2021-06-27 08:19:13,-346.81
Açougue,2021-06-27 02:27:48,-48.79
Carrefour,2021-06-26 19:55:15,-73.99
Farmacia,2021-06-26 12:42:31,-9.64
Lanchonete,2021-06-26 05:41:56,-16.94
Salario,2021-06-26 00:05:28,5000.0
Academia,2021-06-26 00:05:28,-80.0
Aluguel,2021-06-26 00:05:28,-750.0
Internet,2021-06-26 00:05:28,-100.0
CVC,2021-06-25 08:07:14,-326.1
Açougue,2021-06-24 03:33:59,-48.37
Laticinios,2021-06-22 19:47:37,-15.24
Lanchonete,2021-06-22 12:46:03,-7.56
Laticinios,2021-06-21 19:05:26,-10.66
ClickBus,2021-06-21 16:18:08,-136.68
Azul,2021-06-21 11:08:05,-67.16
Nike,2021-06-21 07:12:44,-122.77
IFood,2021-06-21 05:30:32,-18.13
Latam,2021-06-20 21:48:34,-119.85
Cinema,2021-06-20 12:16:32,-20.93
Jau Serve,2021-06-20 02:08:03,-53.81
Livraria,2021-06-19 15:09:52,-44.48
IFood,2021-06-16 03:39:59,-15.95
Farmacia,2021-06-15 20:09:25,-9.0
Farmacia,2021-06-15 07:18:52,-113.24
Laticinios,2021-06-15 06:53:22,-15.13
Cinema,2021-06-14 11:02:00,-18.34
ClickBus,2021-06-13 17:29:05,-58.97
Lanchonete,2021-06-13 02:42:05,-20.9
Cinema,2021-06-12 22:14:23,-16.64
Farmacia,2021-06-12 20:08:00,-18.54
Jau Serve,2021-06-12 12:42:03,-20.96
Laticinios,2021-06-11 19:28:48,-12.61
Laticinios,2021-06-10 14:11:36,-14.86
IFood,2021-06-10 03:32:13,-16.0
Farmacia,2021-06-08 13:40:04,-20.46
Jau Serve,2021-06-07 14:46:11,-28.0
IFood,2021-06-07 06:27:39,-21.6
Laticinios,2021-06-05 21:21:12,-14.31
Farmacia,2021-06-05 14:22:28,-64.88
Cinema,2021-06-05 12:06:00,-7.96
Gol,2021-06-04 16:51:06,-313.18
Carrefour,2021-06-04 14:25:09,-52.82
Jau Serve,2021-06-03 19:50:00,-16.0
Gol,2021-06-02 21:59:57,-50.11
Açougue,2021-06-02 08:55:03,-69.91
Uber,2021-06-02 04:57:02,-16.39
Lanchonete,2021-05-31 20:54:19,-10.46
Laticinios,2021-05-29 15:35:49,-20.89
Jau Serve,2021-05-28 05:38:16,-18.66
Restaurante,2021-05-27 22:47:57,-16.13
IFood,2021-05-27 17:48:34,-20.26
Cinema,2021-05-26 19:22:17,-16.13
Lanchonete,2021-05-26 07:30:01,-16.34
Salario,2021-05-26 00:05:28,5000.0
Academia,2021-05-26 00:05:28,-80.0
Aluguel,2021-05-26 00:05:28,-750.0
Internet,2021-05-26 00:05:28,-100.0
Cinema,2021-05-25 23:02:01,-7.18
Farmacia,2021-05-24 10:14:56,-14.89
Uber,2021-05-23 00:36:17,-17.45
Renner,2021-05-22 12:25:06,-101.36
Açougue,2021-05-21 14:03:18,-59.44
Jau Serve,2021-05-21 05:17:36,-11.98
Laticinios,2021-05-20 10:58:24,-10.6
Cinema,2021-05-19 07:31:48,-21.18
Jau Serve,2021-05-18 21:20:23,-13.42
Cinema,2021-05-18 10:43:01,-17.45
Lanchonete,2021-05-16 20:39:03,-15.82
Uber,2021-05-16 07:45:11,-19.31
Lanchonete,2021-05-16 06:01:24,-21.97
Consultorio Medico,2021-05-15 01:59:32,-362.09
Adidas,2021-05-14 09:01:08,-113.52
Latam,2021-05-14 04:24:36,-123.2
Gol,2021-05-13 18:28:58,-368.04
Jau Serve,2021-05-13 17:35:18,-66.64
Cinema,2021-05-13 15:36:17,-11.7
IFood,2021-05-13 14:46:54,-17.09
Uber,2021-05-13 11:00:24,-7.55
Azul,2021-05-12 05:53:02,-117.11
Farmacia,2021-05-11 23:11:03,-33.35
Jau Serve,2021-05-11 14:04:03,-56.08
Jau Serve,2021-05-10 21:38:04,-39.04
Jau Serve,2021-05-10 02:39:02,-19.03
ClickBus,2021-05-09 01:22:05,-55.05
Uber,2021-05-08 04:09:05,-18.52
Jau Serve,2021-05-08 01:34:46,-54.47
IFood,2021-05-07 16:32:42,-15.73
Lanchonete,2021-05-07 08:12:36,-14.93
Farmacia,2021-05-05 23:42:36,-106.69
CVC,2021-05-05 20:54:54,-361.75
Veterinario,2021-05-05 07:26:21,-110.59
Cinema,2021-05-04 17:04:21,-8.65
IFood,2021-05-04 16:25:26,-20.42
Laticinios,2021-05-03 17:14:08,-19.2
Jau Serve,2021-05-03 08:49:33,-19.72
Azul,2021-05-03 02:58:16,-60.44
Uber,2021-05-02 12:29:50,-21.93
IFood,2021-05-02 06:44:16,-9.74
ClickBus,2021-05-02 00:30:16,-57.68
Consultorio Medico,2021-05-01 23:47:37,-347.31
ClickBus,2021-05-01 12:14:52,-26.41
Laticinios,2021-05-01 10:26:39,-7.65
Cinema,2021-05-01 06:05:50,-9.78
Cinema,2021-04-30 19:53:20,-18.57
Lanchonete,2021-04-30 05:34:47,-20.67
Cinema,2021-04-29 09:11:22,-20.42
Farmacia,2021-04-28 22:14:07,-60.21
Livraria,2021-04-28 04:21:42,-66.88
ClickBus,2021-04-27 22:53:50,-58.96
Renner,2021-04-27 09:37:59,-139.93
Salario,2021-04-26 00:05:28,5000.0
Aluguel,2021-04-26 00:05:28,-750.0
Academia,2021-04-26 00:05:28,-80.0
Internet,2021-04-26 00:05:28,-100.0
Jau Serve,2021-04-25 22:01:06,-10.88
Uber,2021-04-25 18:07:14,-20.08
Jau Serve,2021-04-25 15:45:03,-74.92
Laticinios,2021-04-25 13:43:44,-10.41
Renner,2021-04-25 03:06:11,-94.45
ClickBus,2021-04-24 21:37:02,-50.19
Laticinios,2021-04-24 11:04:58,-13.57
Jau Serve,2021-04-23 01:45:13,-60.24
Consultorio Medico,2021-04-22 20:44:16,-312.35
Cinema,2021-04-22 18:43:18,-18.47
IFood,2021-04-22 04:29:23,-12.8
Gol,2021-04-22 02:17:44,-328.06
Consultorio Medico,2021-04-21 03:24:18,-358.32
Cinema,2021-04-20 11:42:37,-14.47
Farmacia,2021-04-19 15:24:40,-12.65
Farmacia,2021-04-19 03:55:32,-19.37
Uber,2021-04-18 12:08:49,-15.81
Farmacia,2021-04-17 16:01:39,-12.57
Farmacia,2021-04-17 06:42:09,-51.53
Jau Serve,2021-04-16 21:12:12,-48.14
Uber,2021-04-15 12:00:30,-17.09
Latam,2021-04-14 20:03:41,-103.0
Livraria,2021-04-13 22:43:30,-56.04
Farmacia,2021-04-13 22:22:09,-21.93
Farmacia,2021-04-13 17:21:34,-36.85
Jau Serve,2021-04-13 10:08:04,-20.55
Farmacia,2021-04-11 20:44:50,-69.82
Lanchonete,2021-04-11 01:05:48,-9.22
Uber,2021-04-10 06:17:38,-17.12
Jau Serve,2021-04-10 02:00:13,-14.35
Farmacia,2021-04-09 03:25:08,-16.87
Farmacia,2021-04-08 14:10:55,-144.58
ClickBus,2021-04-07 03:22:21,-66.32
Latam,2021-04-06 23:38:48,-101.56
ClickBus,2021-04-06 18:39:04,-44.92
Laticinios,2021-04-06 16:50:32,-8.43
Laticinios,2021-04-06 14:08:08,-16.43
Uber,2021-04-05 14:14:56,-13.31
Latam,2021-04-05 06:40:36,-350.74
Jau Serve,2021-04-02 20:08:43,-27.05
IFood,2021-04-01 02:43:29,-18.79
Restaurante,2021-03-30 17:07:51,-69.57
IFood,2021-03-30 15:23:08,-12.17
Gol,2021-03-30 10:11:27,-80.16
CVC,2021-03-30 09:37:04,-315.37
Laticinios,2021-03-29 21:01:51,-15.66
Farmacia,2021-03-29 19:28:01,-8.55
Lanchonete,2021-03-29 11:28:23,-19.5
Restaurante,2021-03-28 17:52:38,-47.13
ClickBus,2021-03-28 12:40:47,-43.85
Jau Serve,2021-03-27 23:36:39,-59.64
Jau Serve,2021-03-27 19:14:17,-116.44
Jau Serve,2021-03-27 11:35:37,-16.4
Jau Serve,2021-03-27 10:03:35,-8.06
Farmacia,2021-03-27 04:09:23,-21.65
Uber,2021-03-26 22:30:17,-12.39
Lanchonete,2021-03-26 10:12:38,-7.94
Internet,2021-03-26 00:05:28,-100.0
Salario,2021-03-26 00:05:28,5000.0
Aluguel,2021-03-26 00:05:28,-750.0
Academia,2021-03-26 00:05:28,-80.0
Livraria,2021-03-25 09:52:13,-60.04
IFood,2021-03-25 02:40:56,-15.45
Farmacia,2021-03-24 18:03:41,-70.56
Uber,2021-03-24 05:54:22,-11.84
Uber,2021-03-24 01:32:43,-19.03
Açougue,2021-03-23 09:29:53,-23.64
CVC,2021-03-22 21:39:39,-346.71
Cinema,2021-03-22 21:32:16,-19.86
Farmacia,2021-03-18 16:52:43,-44.96
Farmacia,2021-03-18 16:29:42,-16.02
Livraria,2021-03-18 12:36:05,-134.81
ClickBus,2021-03-17 18:12:10,-55.4
ClickBus,2021-03-17 05:29:09,-143.52
Livraria,2021-03-16 17:45:04,-42.73
IFood,2021-03-16 16:51:40,-11.46
Renner,2021-03-16 12:13:33,-131.5
Farmacia,2021-03-15 12:42:53,-16.24
Laticinios,2021-03-13 02:06:11,-21.99
Uber,2021-03-12 15:11:23,-12.21
Gol,2021-03-12 08:21:08,-106.04
IFood,2021-03-10 22:17:24,-18.41
Livraria,2021-03-10 11:12:57,-59.96
Jau Serve,2021-03-10 01:17:23,-59.47
ClickBus,2021-03-09 18:56:01,-73.63
Cinema,2021-03-09 06:48:34,-9.02
Livraria,2021-03-09 03:56:15,-61.64
Uber,2021-03-08 21:54:34,-10.46
Laticinios,2021-03-08 18:54:22,-7.49
Jau Serve,2021-03-08 10:28:53,-59.09
IFood,2021-03-08 08:30:10,-18.11
Restaurante,2021-03-08 06:21:01,-44.16
Jau Serve,2021-03-08 00:31:10,-68.11
Lanchonete,2021-03-07 16:49:42,-10.37
Lanchonete,2021-03-07 12:39:50,-9.52
IFood,2021-03-06 11:10:15,-19.88
Jau Serve,2021-03-06 11:04:34,-14.6
Laticinios,2021-03-06 10:07:55,-9.26
Jau Serve,2021-03-03 02:05:24,-19.69
Farmacia,2021-03-02 20:39:35,-10.12
ClickBus,2021-03-02 01:51:09,-27.41
Uber,2021-03-01 13:48:34,-19.42
Laticinios,2021-03-01 12:29:47,-10.86
Jau Serve,2021-02-28 04:23:51,-18.43
Uber,2021-02-27 14:47:39,-19.02
Uber,2021-02-27 14:43:26,-19.95
Cinema,2021-02-26 23:04:01,-7.73
Salario,2021-02-26 00:05:28,5000.0
Internet,2021-02-26 00:05:28,-100.0
Aluguel,2021-02-26 00:05:28,-750.0
Academia,2021-02-26 00:05:28,-80.0
Farmacia,2021-02-25 13:27:24,-21.94
Gol,2021-02-25 00:56:55,-350.14
Açougue,2021-02-24 16:31:18,-20.62
Livraria,2021-02-24 01:02:59,-54.13
Jau Serve,2021-02-24 00:04:20,-134.68
CVC,2021-02-23 22:02:49,-323.92
Farmacia,2021-02-23 02:16:41,-18.54
Veterinario,2021-02-23 01:13:33,-134.09
Restaurante,2021-02-22 20:38:46,-70.97
Lanchonete,2021-02-22 15:54:47,-15.15
Lanchonete,2021-02-22 15:43:45,-15.11
Livraria,2021-02-22 13:53:14,-29.52
Laticinios,2021-02-21 23:14:45,-18.92
Azul,2021-02-21 22:04:04,-337.55
Azul,2021-02-21 17:10:36,-145.26
Jau Serve,2021-02-21 05:08:21,-8.25
Açougue,2021-02-20 18:16:13,-18.01
Livraria,2021-02-20 05:17:37,-108.52
Farmacia,2021-02-19 12:07:08,-28.53
Farmacia,2021-02-18 12:01:19,-17.34
Consultorio Medico,2021-02-17 12:27:32,-74.97
Restaurante,2021-02-17 12:12:22,-44.61
IFood,2021-02-16 03:54:31,-11.49
Jau Serve,2021-02-15 20:35:26,-39.97
Cinema,2021-02-15 16:51:09,-8.32
Cinema,2021-02-15 06:45:04,-20.5
Livraria,2021-02-14 14:06:04,-52.33
IFood,2021-02-14 07:27:42,-9.26
Farmacia,2021-02-14 03:50:55,-68.48
Farmacia,2021-02-14 01:55:12,-7.06
Adidas,2021-02-13 19:37:26,-76.15
Farmacia,2021-02-13 00:50:38,-20.56
Gol,2021-02-12 18:17:17,-322.73
Nike,2021-02-12 08:09:41,-59.65
Laticinios,2021-02-11 20:26:41,-15.95
ClickBus,2021-02-11 14:43:46,-34.85
Livraria,2021-02-11 14:33:45,-45.47
Laticinios,2021-02-10 19:29:12,-19.87
Cinema,2021-02-10 12:31:30,-13.05
Laticinios,2021-02-10 07:35:32,-9.19
Gol,2021-02-10 06:33:54,-139.8
Livraria,2021-02-09 17:24:25,-42.97
Uber,2021-02-09 07:39:00,-13.07
Restaurante,2021-02-09 03:07:16,-72.33
Açougue,2021-02-08 04:09:26,-68.58
Laticinios,2021-02-07 22:20:07,-14.43
Laticinios,2021-02-07 05:57:37,-20.99
Jau Serve,2021-02-07 03:12:13,-11.7
Uber,2021-02-07 02:32:08,-16.19
Laticinios,2021-02-06 18:14:36,-16.13
Jau Serve,2021-02-06 12:29:20,-15.48
Jau Serve,2021-02-05 02:20:05,-57.57
Livraria,2021-02-05 02:20:04,-49.96
Restaurante,2021-02-04 18:53:08,-22.22
Latam,2021-02-04 15:36:49,-376.36
Lanchonete,2021-02-02 22:55:03,-13.41
ClickBus,2021-02-02 12:55:15,-30.28
Azul,2021-02-02 02:29:53,-302.91
Latam,2021-02-01 07:01:12,-344.47
Farmacia,2021-01-31 19:24:37,-71.15
Azul,2021-01-31 17:44:09,-366.13
Laticinios,2021-01-31 03:36:20,-14.75
Farmacia,2021-01-30 12:58:50,-11.94
Jau Serve,2021-01-30 12:20:18,-9.98
Jau Serve,2021-01-28 16:46:23,-20.84
Açougue,2021-01-28 16:44:34,-68.72
Laticinios,2021-01-27 12:57:20,-19.53
Uber,2021-01-27 11:28:37,-7.32
IFood,2021-01-27 11:11:34,-10.04
Jau Serve,2021-01-27 07:06:05,-40.23
Jau Serve,2021-01-26 22:26:18,-77.31
Uber,2021-01-26 11:18:27,-8.38
Carrefour,2021-01-26 07:39:59,-117.43
Internet,2021-01-26 00:05:28,-100.0
Academia,2021-01-26 00:05:28,-80.0
Aluguel,2021-01-26 00:05:28,-750.0
Salario,2021-01-26 00:05:28,5000.0
Uber,2021-01-25 06:57:07,-20.05
Açougue,2021-01-24 22:06:07,-41.0
Latam,2021-01-24 10:15:34,-332.95
Açougue,2021-01-24 03:07:13,-66.92
Uber,2021-01-23 23:29:01,-13.04
Farmacia,2021-01-23 15:19:09,-42.4
Carrefour,2021-01-23 11:16:30,-93.68
Açougue,2021-01-23 04:54:11,-69.04
ClickBus,2021-01-22 09:39:31,-50.64
Jau Serve,2021-01-21 02:52:42,-9.04
Laticinios,2021-01-20 16:00:19,-14.1
Farmacia,2021-01-20 04:44:15,-9.42
Adidas,2021-01-18 14:15:22,-62.45
Farmacia,2021-01-17 14:46:53,-21.66
Livraria,2021-01-17 07:21:21,-49.1
Adidas,2021-01-17 04:05:16,-104.7
IFood,2021-01-16 18:48:18,-15.15
Laticinios,2021-01-16 14:54:07,-17.82
Açougue,2021-01-15 20:37:53,-41.8
Gol,2021-01-15 00:05:02,-332.32
Gol,2021-01-14 19:02:42,-311.37
Livraria,2021-01-13 22:37:27,-16.82
Farmacia,2021-01-12 22:02:34,-13.83
Consultorio Medico,2021-01-12 00:54:10,-60.1
Livraria,2021-01-11 23:53:19,-67.84
Laticinios,2021-01-11 21:12:37,-15.36
Farmacia,2021-01-11 20:58:38,-11.49
Farmacia,2021-01-10 01:58:35,-16.85
Laticinios,2021-01-09 21:23:11,-15.73
Lanchonete,2021-01-09 13:38:39,-10.63
IFood,2021-01-09 10:10:01,-20.49
Restaurante,2021-01-09 08:59:22,-68.84
CVC,2021-01-09 00:46:19,-344.43
Lanchonete,2021-01-07 13:59:23,-8.68
Cinema,2021-01-07 05:29:24,-10.73
Jau Serve,2021-01-06 16:57:00,-11.27
Farmacia,2021-01-05 21:36:16,-15.46
Farmacia,2021-01-04 23:57:48,-69.92
Jau Serve,2021-01-03 18:10:01,-15.47
Jau Serve,2021-01-03 02:12:26,-15.36
Cinema,2021-01-02 19:28:33,-19.39
Cinema,2021-01-01 16:25:30,-15.91
Latam,2020-12-30 15:07:35,-383.44
Cinema,2020-12-30 13:31:44,-21.75
IFood,2020-12-30 13:01:07,-9.42
Livraria,2020-12-30 08:01:50,-63.49
Renner,2020-12-29 19:25:11,-55.12
IFood,2020-12-29 04:50:42,-9.7
Lanchonete,2020-12-28 20:27:30,-19.14
Cinema,2020-12-28 19:00:37,-13.39
Uber,2020-12-28 14:46:08,-21.88
Jau Serve,2020-12-28 03:59:05,-15.46
Consultorio Medico,2020-12-27 11:03:50,-348.64
Lanchonete,2020-12-26 16:53:48,-21.57
IFood,2020-12-26 15:29:13,-8.43
Cinema,2020-12-26 07:44:19,-19.87
Salario,2020-12-26 00:05:28,5000.0
Aluguel,2020-12-26 00:05:28,-750.0
Academia,2020-12-26 00:05:28,-80.0
Internet,2020-12-26 00:05:28,-100.0
Carrefour,2020-12-25 08:33:57,-88.71
Cinema,2020-12-25 04:32:20,-18.23
Laticinios,2020-12-25 00:40:49,-12.2
Lanchonete,2020-12-24 06:50:20,-20.92
Azul,2020-12-24 00:27:53,-381.19
Laticinios,2020-12-23 20:34:13,-20.83
Jau Serve,2020-12-23 08:50:45,-7.65
Consultorio Medico,2020-12-22 23:00:27,-387.45
Laticinios,2020-12-22 18:17:37,-8.55
Consultorio Medico,2020-12-22 06:20:32,-127.79
Pandora,2020-12-22 04:50:27,-360.98
Laticinios,2020-12-21 23:16:40,-13.63
ClickBus,2020-12-19 23:04:30,-36.73
Farmacia,2020-12-19 05:46:31,-38.71
Cinema,2020-12-18 10:58:33,-14.79
Azul,2020-12-18 10:55:54,-372.79
Uber,2020-12-18 09:50:14,-10.27
IFood,2020-12-18 01:20:16,-9.51
IFood,2020-12-17 21:18:47,-8.42
Consultorio Medico,2020-12-17 12:43:06,-366.38
ClickBus,2020-12-17 00:31:26,-60.06
Farmacia,2020-12-16 15:55:35,-18.79
Laticinios,2020-12-15 12:30:28,-16.23
Lanchonete,2020-12-14 17:43:36,-19.34
Livraria,2020-12-13 11:56:38,-88.99
Livraria,2020-12-12 20:22:59,-79.69
Jau Serve,2020-12-12 19:44:43,-34.2
Gol,2020-12-12 13:30:26,-126.25
Lanchonete,2020-12-11 01:09:35,-8.32
Cinema,2020-12-09 14:01:50,-11.39
Cinema,2020-12-07 11:16:41,-10.97
Restaurante,2020-12-06 21:30:41,-60.33
ClickBus,2020-12-06 03:05:35,-23.2
Jau Serve,2020-12-05 14:03:06,-61.91
IFood,2020-12-05 08:10:45,-15.25
Restaurante,2020-12-04 21:32:57,-72.7
Açougue,2020-12-04 21:27:42,-69.65
Uber,2020-12-04 18:52:38,-20.53
CVC,2020-12-04 16:51:40,-371.54
IFood,2020-12-04 16:43:00,-8.54
Laticinios,2020-12-04 06:15:09,-20.87
Jau Serve,2020-12-04 02:55:05,-11.16
Açougue,2020-12-03 00:34:12,-71.02
Restaurante,2020-12-02 16:04:13,-71.62
Laticinios,2020-12-02 13:41:10,-17.65
IFood,2020-12-02 12:36:38,-16.22
Jau Serve,2020-12-01 19:47:33,-18.09
Latam,2020-12-01 13:27:59,-353.26
Laticinios,2020-12-01 10:53:09,-18.73
ClickBus,2020-11-30 17:01:41,-74.64
IFood,2020-11-30 09:17:43,-11.57
Farmacia,2020-11-29 06:20:06,-38.53
IFood,2020-11-28 21:45:24,-13.99
Cinema,2020-11-28 02:27:16,-11.9
Livraria,2020-11-27 05:46:45,-83.81
Cinema,2020-11-26 00:58:45,-15.56
Aluguel,2020-11-26 00:05:28,-750.0
Salario,2020-11-26 00:05:28,5000.0
Academia,2020-11-26 00:05:28,-80.0
Internet,2020-11-26 00:05:28,-100.0
Azul,2020-11-25 16:45:18,-337.58
Gol,2020-11-24 11:46:41,-308.0
Farmacia,2020-11-23 08:57:26,-21.42
Açougue,2020-11-23 04:47:06,-43.15
Jau Serve,2020-11-22 16:21:39,-10.06
Livraria,2020-11-22 00:24:38,-142.85
Restaurante,2020-11-21 13:49:37,-46.7
Latam,2020-11-21 12:49:29,-329.25
IFood,2020-11-21 03:17:07,-14.31
IFood,2020-11-20 12:22:15,-9.97
Cinema,2020-11-19 23:33:28,-8.21
Latam,2020-11-19 22:03:13,-394.32
Uber,2020-11-19 18:39:33,-16.31
Açougue,2020-11-19 13:49:52,-32.3
Azul,2020-11-19 10:54:38,-135.26
Latam,2020-11-19 03:57:27,-398.64
IFood,2020-11-18 14:11:54,-17.15
Cinema,2020-11-17 22:40:42,-16.93
Jau Serve,2020-11-17 22:02:17,-20.53
ClickBus,2020-11-17 02:07:17,-87.91
Gol,2020-11-16 16:17:28,-394.28
Pandora,2020-11-16 02:52:26,-331.22
Jau Serve,2020-11-15 09:06:33,-19.76
Consultorio Medico,2020-11-14 10:07:37,-114.29
Livraria,2020-11-14 07:22:47,-69.2
Jau Serve,2020-11-13 13:52:08,-17.42
Açougue,2020-11-13 11:29:27,-66.03
Jau Serve,2020-11-13 07:55:48,-51.36
Restaurante,2020-11-13 06:07:23,-41.56
Azul,2020-11-13 04:40:17,-304.2
Cinema,2020-11-13 00:06:01,-20.73
Livraria,2020-11-12 16:25:53,-38.53
Cinema,2020-11-12 06:17:56,-7.14
Farmacia,2020-11-12 03:54:06,-15.69
Cinema,2020-11-11 11:01:07,-17.21
Jau Serve,2020-11-10 03:35:59,-42.76
Laticinios,2020-11-09 17:00:22,-7.89
Restaurante,2020-11-09 12:08:59,-34.22
Gol,2020-11-09 01:02:53,-71.94
Lanchonete,2020-11-08 21:08:36,-13.11
CVC,2020-11-07 20:54:38,-345.14
Lanchonete,2020-11-07 07:57:55,-10.15
Carrefour,2020-11-03 13:16:46,-142.29
Farmacia,2020-11-03 09:08:13,-14.78
Lanchonete,2020-11-01 11:55:08,-15.44
Laticinios,2020-11-01 09:42:21,-8.64
Gol,2020-11-01 08:20:21,-374.88
Latam,2020-11-01 07:36:09,-329.68
Jau Serve,2020-11-01 00:42:31,-15.49
Restaurante,2020-10-31 12:16:37,-25.21
ClickBus,2020-10-30 15:50:12,-37.81
Gol,2020-10-30 09:04:15,-350.3
IFood,2020-10-30 05:09:29,-17.3
Lanchonete,2020-10-30 04:01:24,-14.64
Jau Serve,2020-10-30 03:59:20,-19.32
Cinema,2020-10-29 14:09:10,-13.78
Farmacia,2020-10-28 07:21:44,-13.88
Farmacia,2020-10-27 09:14:31,-21.65
Farmacia,2020-10-26 12:48:32,-16.49
Internet,2020-10-26 00:05:28,-100.0
Academia,2020-10-26 00:05:28,-80.0
Salario,2020-10-26 00:05:28,5000.0
Aluguel,2020-10-26 00:05:28,-750.0
Livraria,2020-10-25 21:25:00,-126.12
Cinema,2020-10-25 08:22:37,-12.33
IFood,2020-10-25 00:28:21,-12.71
Livraria,2020-10-25 00:23:43,-116.47
Uber,2020-10-24 20:28:15,-21.44
Lanchonete,2020-10-24 03:25:50,-11.06
Cinema,2020-10-22 19:14:57,-7.54
Uber,2020-10-22 10:14:10,-12.61
Gol,2020-10-21 19:23:23,-375.71
Uber,2020-10-21 05:55:02,-13.63
Laticinios,2020-10-20 13:41:49,-11.87
Nike,2020-10-20 06:14:18,-60.68
Cinema,2020-10-19 16:03:43,-12.2
Açougue,2020-10-19 11:45:37,-38.67
Farmacia,2020-10-18 20:53:15,-16.03
Jau Serve,2020-10-18 05:02:21,-20.26
Nike,2020-10-18 04:25:37,-59.29
ClickBus,2020-10-16 20:41:28,-68.64
Jau Serve,2020-10-16 19:15:07,-10.56
Cinema,2020-10-16 18:11:49,-8.16
Restaurante,2020-10-15 03:15:37,-60.34
Gol,2020-10-14 14:31:49,-322.64
Açougue,2020-10-14 00:21:17,-33.27
Uber,2020-10-13 18:04:31,-21.76
Lanchonete,2020-10-13 16:52:20,-7.09
Lanchonete,2020-10-13 14:56:26,-10.57
Farmacia,2020-10-13 12:46:05,-74.81
Jau Serve,2020-10-13 00:06:55,-13.44
Cinema,2020-10-11 19:09:20,-14.41
IFood,2020-10-11 00:34:58,-20.34
Jau Serve,2020-10-09 08:59:34,-142.83
Laticinios,2020-10-09 04:06:31,-17.55
Farmacia,2020-10-08 03:26:18,-13.46
Açougue,2020-10-08 02:07:17,-72.08
Açougue,2020-10-07 20:50:49,-33.41
Restaurante,2020-10-07 03:07:56,-39.94
Laticinios,2020-10-06 10:35:18,-18.34
Cinema,2020-10-05 18:50:55,-16.31
Uber,2020-10-05 10:32:47,-11.14
Farmacia,2020-10-05 02:30:18,-123.56
Jau Serve,2020-10-05 00:42:35,-15.76
Açougue,2020-10-04 12:22:19,-41.58
Renner,2020-10-03 07:03:29,-100.08
Nike,2020-10-02 16:09:48,-122.78
Lanchonete,2020-10-02 00:09:34,-17.12
Jau Serve,2020-10-01 21:55:49,-18.61
Gol,2020-10-01 13:18:11,-136.79
Restaurante,2020-10-01 09:41:11,-16.17
Jau Serve,2020-10-01 06:35:18,-64.73
Gol,2020-09-30 11:12:24,-369.72
Latam,2020-09-30 05:04:57,-319.41
Jau Serve,2020-09-29 17:23:14,-8.61
Restaurante,2020-09-29 10:38:42,-43.59
Jau Serve,2020-09-29 05:31:38,-18.99
IFood,2020-09-28 22:48:36,-20.31
Cinema,2020-09-28 12:01:51,-11.83
Farmacia,2020-09-27 05:24:59,-35.27
Farmacia,2020-09-27 03:11:27,-61.39
Gol,2020-09-26 19:41:08,-107.3
ClickBus,2020-09-26 05:39:51,-67.55
Jau Serve,2020-09-26 00:19:52,-18.05
Aluguel,2020-09-26 00:05:28,-750.0
Internet,2020-09-26 00:05:28,-100.0
Salario,2020-09-26 00:05:28,5000.0
Academia,2020-09-26 00:05:28,-80.0
